{
 "Reprojection_error": 0.07419720524104845,
 "Intrinsics_matrix": [
  [
   642.7279681345456,
   0.0,
   647.915366540375
  ],
  [
   0.0,
   642.6671471478905,
   373.42154657592783
  ],
  [
   0.0,
   0.0,
   1.0
  ]
 ],
 "Intrinsics_labels": [
  "width",
  "height",
  "fx",
  "fy",
  "cx",
  "cy"
 ],
 "Intrinsics_values": [
  1280,
  720,
  642.7279681345456,
  642.6671471478905,
  647.915366540375,
  373.42154657592783
 ],
 "Distortion_coefficients": [
  -0.051413860383022564,
  0.05642946057230275,
  0.0005695492324015027,
  0.0009127334528342214,
  -0.015168552411104048
 ],
 "Extrinsics": {
  "Translation": [
   0.6206596903446413,
   0.1767504922364942,
   0.1042656896687672
  ],
  "Quaternion": [
   -0.2950868180226442,
   0.3893431412030552,
   -0.42971557795630105,
   0.7593946340929008
  ],
  "xyzquat": [
   0.6206596903446413,
   0.1767504922364942,
   0.1042656896687672,
   -0.2950868180226442,
   0.3893431412030552,
   -0.42971557795630105,
   0.7593946340929008
  ]
 }
}